Id,Speaker,Text,NextId,EmotionKey,TriggerKey,ConditionKey,EventKey,Choices,AutoNextSeconds,ChapterKey,RouteKey,EndingKey,Background,Bgm,Se,Voice,Characters,ScreenEffect,TransitionStyle,DepthStyle,CharacterMotion
1007482,地の文,第十一章　声の持ち主,1007483,narration,,,,,,chapter_11,main,,outside_wall_night#fade:1.0,tense_low#fade:1.0,,,*|Rei@left:serious|Nagi@right:shadow
1007483,地の文,証拠を見つけた翌朝も、班長はいつも通りだった。,1007484,narration,,,,,,,,,,,,,
1007484,少年,西側の中継器、昼までに交換する。昨日の復旧班は二人追加。,1200425,,,,,,,,,,,,,,*|PlaceholderLeft@left:neutral|PlaceholderRight@right:neutral
1200425,少年,第七区域への医療便は予定変更なし,1007485,,,,,,,,,,,,,,
1007485,地の文,机の端に置かれた端末を操作しながら、淡々と仕事を割り振っていく。,1007486,narration,,,,,,,,,,,,,
1007486,男,運転手。三号車の冷却系を見ろ,1007487,,,,,,,,,,,,,,*|PlaceholderLeft@left:neutral|PlaceholderRight@right:neutral
1007487,少年,昨日見た,1007488,,,,,,,,,,,,,,*|PlaceholderLeft@left:neutral|PlaceholderRight@right:neutral
1007488,班長,音が変だ,1007489,,,,,,,,,,,,,,*|PlaceholderLeft@left:neutral|PlaceholderRight@right:neutral
1007489,少年,俺より車の音聞いてるだろ、あんた,1007490,,,,,,,,,,,,,,*|PlaceholderLeft@left:neutral|PlaceholderRight@right:neutral
1007490,男,返事,1007491,,,,,,,,,,,,,,*|PlaceholderLeft@left:neutral|Nagi@right:serious
1007491,ナギ,はいはい,1007492,,,,,,,,,,,,,,*|Nagi@right:serious|PlaceholderLeft@left:neutral
1007492,少年,はいは一回,1007493,,,,,,,,,,,,,,*|PlaceholderLeft@left:neutral|Nagi@right:serious
1007493,ナギ,はい,1007494,,,,,,,,,,,,,,*|Nagi@right:serious|PlaceholderLeft@left:neutral
1007494,地の文,いつものやり取りに、何人かが笑った。,1200426,narration,,,,,,,,,,,,,
1200426,地の文,女性は配給表を確認しながら、少年へ何か相談している。,1007495,narration,,,,,,,,,,,,,
1007495,地の文,ナギは椅子の背もたれを逆向きに抱え、まだ眠そうな顔で話を聞いていた。,1200427,narration,,,,,,,,,,,,,
1200427,地の文,誰も。目の前の男が匿名依頼を作っていたことを知らない。,1007496,narration,,,,,,,,,,,,,
1007496,地の文,蜂起のための映像を管理できる権限を持っていることも。,1200428,narration,,,,,,,,,,,,,
1200428,地の文,レイは班長の右手を見る。昨日。その指が匿名を選んだ。,1007497,narration,,,,,,,,,,,,,
1007497,地の文,画面には、自分とナギを示すような条件が並んでいた。,1007498,narration,,,,,,,,,,,,,
1007498,ナギ,レイ,1007499,,,,,,,,,,,,,,*|Nagi@right:serious|PlaceholderLeft@left:neutral
1007499,地の文,呼ばれた。,1007500,narration,,,,,,,,,,,,,
1007500,少年,聞いてるか,1007501,,,,,,,,,,,,,,*|PlaceholderRight@right:neutral|Rei@left:blank
1007501,レイ,はい,1007502,,,,,,,,,,,,,,*|Rei@left:blank|PlaceholderRight@right:neutral
1007502,少年,午後、政府区域へ入る,1007503,,,,,,,,,,,,,,*|PlaceholderRight@right:neutral|Rei@left:blank
1007503,地の文,レイの顔が上がる。班長は壁面へ地図を出した。,1007504,narration,,,,,,,,,,,,,
1007504,班長,第二次蜂起の準備だ。第三区域の通信基幹を調べる,1007505,,,,,,,,,,,,,,*|PlaceholderLeft@left:neutral|PlaceholderRight@right:neutral
1007505,地の文,昨日、班長自身が作っていた依頼。閉鎖系侵入経験。対人認証突破能力。,1200429,narration,,,,,,,,,,,,,
1200429,地の文,政府施設内行動経験。,1007506,narration,,,,,,,,,,,,,
1007506,班長,ナギと行け,1007507,,,,,,,,,,,,,,*|PlaceholderLeft@left:neutral|PlaceholderRight@right:neutral
1007507,地の文,レイは答えなかった。,1007508,narration,,,,,,,,,,,,,
1007508,班長,レイ？,1007509,,,,,,,,,,,,,,*|PlaceholderLeft@left:neutral|PlaceholderRight@right:neutral
1007509,地の文,女性が心配そうに見る。班長の目も。何を考えているのか。レイには読める。,1200430,narration,,,,,,,,,,,,,
1200430,地の文,拒否するなら理由を聞く。いつもと違えば警戒する。今ここで班長を追及すれば。,1007510,narration,,,,,,,,,,,,,
1007510,地の文,証拠はある。だが。昨日見た別の画面も残っている。第七区域。,1200431,narration,,,,,,,,,,,,,
1200431,地の文,修理された設備。配られた薬。助けられた人。二十年以上前の事故。生存児童。,1007511,narration,,,,,,,,,,,,,
1007511,レイ,今日は,1007512,,,,,,,,,,,,,,*|Rei@left:blank|PlaceholderRight@right:neutral
1007512,少年,行けません,1007513,,,,,,,,,,,,,,*|PlaceholderLeft@left:neutral|PlaceholderRight@right:neutral
1007513,地の文,空気が少し変わる。,1007514,narration,,,,,,,,,,,,,
1007514,班長,理由,1007515,,,,,,,,,,,,,,*|PlaceholderRight@right:neutral|Rei@left:blank
1007515,レイ,確認したいことがあります,1007516,,,,,,,,,,,,,,*|Rei@left:blank|PlaceholderRight@right:neutral
1007516,少年,任務より？,1007517,,,,,,,,,,,,,,*|PlaceholderRight@right:neutral|Rei@left:blank
1007517,レイ,はい,1007518,,,,,,,,,,,,,,*|Rei@left:blank|PlaceholderRight@right:neutral
1007518,地の文,班長はレイを見た。数秒。,1007519,narration,,,,,,,,,,,,,
1007519,班長,なら午前中に済ませろ,1007520,,,,,,,,,,,,,,*|PlaceholderLeft@left:neutral|PlaceholderRight@right:neutral
1007520,少年,……,1007521,,,,,,,,,,,,,,*|PlaceholderRight@right:neutral|Rei@left:blank
1007521,レイ,午後一時には出る,1007522,,,,,,,,,,,,,,*|Rei@left:blank|PlaceholderRight@right:neutral
1007522,地の文,怒らない。問い詰めない。それも。ずっと知っている班長だった。,1007523,narration,,,,,,,,,,,,,
1007523,レイ,分かりました,1007524,,,,,,,,,,,,,,*|Rei@left:blank|PlaceholderRight@right:neutral
1007524,少年,本当に今日やるの？,1007525,,,,,,,,,,,,,,*|PlaceholderRight@right:neutral|Rei@left:blank
1007525,地の文,食堂の裏。少年が声を落として聞いた。,1007526,narration,,,,,,,,,,,,,
1007526,レイ,はい,1007527,,,,,,,,,,,,,,*|Rei@left:blank|PlaceholderRight@right:neutral
1007527,班長,証拠は？,1007528,,,,,,,,,,,,,,*|PlaceholderRight@right:neutral|Rei@left:blank
1007528,地の文,レイが端末を渡す。昨日撮った映像。班長。上位管理端末。匿名依頼。,1200432,narration,,,,,,,,,,,,,
1200432,地の文,推奨班条件。依頼者表示――匿名。少年は無言で最後まで見た。もう一度。,1200433,narration,,,,,,,,,,,,,
1200433,地の文,最初から。再生する。,1007529,narration,,,,,,,,,,,,,
1007529,ナギ,……これなら言い逃れは難しい,1007530,,,,,,,,,,,,,,*|Nagi@right:serious|Rei@left:blank
1007530,レイ,難しい？,1007531,,,,,,,,,,,,,,*|Rei@left:blank|Nagi@right:serious
1007531,ナギ,端末を使ったこと自体は否定できない。,1200434,,,,,,,,,,,,,,*|Nagi@right:serious|PlaceholderLeft@left:neutral
1200434,ナギ,でも、『匿名にした理由は現場保護だった』,1200435,,,,,,,,,,,,,,
1200435,ナギ,とか、『自分で作ったんじゃなく代理入力した』とか、説明はいくらでもできる,1007532,,,,,,,,,,,,,,
1007532,少年,でも,1007533,,,,,,,,,,,,,,*|PlaceholderLeft@left:neutral|Nagi@right:serious
1007533,ナギ,分かってる,1007534,,,,,,,,,,,,,,*|Nagi@right:serious|PlaceholderLeft@left:neutral
1007534,地の文,少年は額を押さえた。,1007535,narration,,,,,,,,,,,,,
1007535,少年,俺も信じたくないだけかもしれない,1007536,,,,,,,,,,,,,,*|PlaceholderLeft@left:neutral|Nagi@right:serious
1007536,ナギ,……,1007537,,,,,,,,,,,,,,*|Nagi@right:serious|PlaceholderLeft@left:neutral
1007537,少年,班長がこの班に潜入任務を集めたのは、もうほぼ確定。,1200436,,,,,,,,,,,,,,*|PlaceholderLeft@left:neutral|PlaceholderRight@right:neutral
1200436,少年,でも、それだけで全部が悪意だったとは言えない,1007538,,,,,,,,,,,,,,
1007538,運転手,悪意,1007539,,,,,,,,,,,,,,*|PlaceholderLeft@left:neutral|Nagi@right:serious
1007539,ナギ,レイは、班長を悪い人だと思ってる？,1007540,,,,,,,,,,,,,,*|Nagi@right:serious|PlaceholderLeft@left:neutral
1007540,地の文,レイはすぐに答えられなかった。少年は苦く笑った。,1007541,narration,,,,,,,,,,,,,
1007541,少年,そういう顔すると思った,1007542,,,,,,,,,,,,,,*|PlaceholderRight@right:neutral|Rei@left:blank
1007542,レイ,少年は？,1007543,,,,,,,,,,,,,,*|Rei@left:blank|Nagi@right:serious
1007543,ナギ,俺も分かんない,1007544,,,,,,,,,,,,,,*|Nagi@right:serious|Rei@left:blank
1007544,地の文,端末を返す。,1007545,narration,,,,,,,,,,,,,
1007545,少年,結局、本人に聞くしかないと思う,1007546,,,,,,,,,,,,,,*|PlaceholderRight@right:neutral|Rei@left:blank
1007546,レイ,嘘をついたら？,1007547,,,,,,,,,,,,,,*|Rei@left:blank|Nagi@right:serious
1007547,ナギ,その時は証拠と照らす。むしろ面倒なのは、全部本当だった時だよ,1007548,,,,,,,,,,,,,,*|Nagi@right:serious|Rei@left:blank
1007548,地の文,少年は壁に背をつけ、苦い顔をした。,1007549,narration,,,,,,,,,,,,,
1007549,ナギ,正しいと思ってやってる相手は、単純に嘘つきって切れないから,1007550,,,,,,,,,,,,,,*|Nagi@right:serious|PlaceholderLeft@left:neutral
1007550,地の文,少年は壁に背をつける。,1007551,narration,,,,,,,,,,,,,
1007551,少年,たぶん班長は、自分がやってることを正しいと思ってる,1007552,,,,,,,,,,,,,,*|PlaceholderRight@right:neutral|Rei@left:blank
1007552,レイ,なぜ,1007553,,,,,,,,,,,,,,*|Rei@left:blank|PlaceholderRight@right:neutral
1007553,少年,長く見てれば分かる。あの人、金とか地位のためなら、もっと楽な場所にいる,1007554,,,,,,,,,,,,,,*|PlaceholderRight@right:neutral|Rei@left:blank
1007554,地の文,遠くから運転手の声。,1007555,narration,,,,,,,,,,,,,
1007555,ナギ,少年！　三号車の診断どこやった！,1007556,,,,,,,,,,,,,,*|Nagi@right:serious|PlaceholderLeft@left:neutral
1007556,少年,昨日、端末に送った！,1007557,,,,,,,,,,,,,,*|PlaceholderLeft@left:neutral|PlaceholderRight@right:neutral
1007557,運転手,見つからん！,1007558,,,,,,,,,,,,,,*|PlaceholderLeft@left:neutral|PlaceholderRight@right:neutral
1007558,少年,検索してよ！,1007559,,,,,,,,,,,,,,*|PlaceholderLeft@left:neutral|Nagi@right:serious
1007559,ナギ,その検索の仕方が分からん！,1007560,,,,,,,,,,,,,,*|Nagi@right:serious|PlaceholderLeft@left:neutral
1007560,地の文,少年は目を閉じ、諦めたように息を吐いた。,1007561,narration,,,,,,,,,,,,,
1007561,ナギ,……もう。あとで行くから触らないで,1007562,,,,,,,,,,,,,,*|Nagi@right:serious|PlaceholderLeft@left:neutral
1007562,地の文,少年が目を閉じた。,1007563,narration,,,,,,,,,,,,,
1007563,少年,……こういうの放置してまで秘密結社の王様やりたい人には見えない,1007564,,,,,,,,,,,,,,*|PlaceholderRight@right:neutral|Rei@left:blank
1007564,地の文,レイは少しだけ笑いそうになった。,1007565,narration,,,,,,,,,,,,,
1007565,レイ,笑った？,1007566,,,,,,,,,,,,,,*|Rei@left:blank|Nagi@right:serious
1007566,ナギ,いいえ,1007567,,,,,,,,,,,,,,*|Nagi@right:serious|PlaceholderLeft@left:neutral
1007567,少年,今は笑っていいよ,1007568,,,,,,,,,,,,,,*|PlaceholderRight@right:neutral|Rei@left:blank
1007568,レイ,では少し,1007569,,,,,,,,,,,,,,*|Rei@left:blank|PlaceholderRight@right:neutral
1007569,少年,許可制なんだ,1007570,,,,,,,,,,,,,,*|PlaceholderRight@right:neutral|Rei@left:blank
1007570,地の文,ナギには。話さなかった。言えば。ナギはたぶん助ける。,1200437,narration,,,,,,,,,,,,,
1200437,地の文,技術的な証拠を増やせるかもしれない。班長が使った端末の詳細。権限。ログ。,1200438,narration,,,,,,,,,,,,,
1200438,地の文,もっと深く。でも。,1007571,narration,,,,,,,,,,,,,
1007571,地の文,今はそれをしたくなかった。ナギ自身が。政府を動かしている。,1200439,narration,,,,,,,,,,,,,
1200439,地の文,レイはその事実をまだ誰にも言っていない。班長を暴くためにナギの力を借りたら。,1007572,narration,,,,,,,,,,,,,
1007572,地の文,どこまでが自分の判断なのか。また分からなくなる。,1007573,narration,,,,,,,,,,,,,
1007573,班長,レイ,1007574,,,,,,,,,,,,,,*|PlaceholderLeft@left:neutral|Nagi@right:serious
1007574,地の文,廊下ですれ違ったナギが止まった。,1007575,narration,,,,,,,,,,,,,
1007575,ナギ,今日、私避けられてる？,1007576,,,,,,,,,,,,,,*|Nagi@right:serious|Rei@left:blank
1007576,レイ,……,1007577,,,,,,,,,,,,,,*|Rei@left:blank|Nagi@right:serious
1007577,ナギ,その間、肯定に見えるけど,1007578,,,,,,,,,,,,,,*|Nagi@right:serious|Rei@left:blank
1007578,レイ,少し,1007579,,,,,,,,,,,,,,*|Rei@left:blank|Nagi@right:serious
1007579,ナギ,そっか,1007580,,,,,,,,,,,,,,*|Nagi@right:serious|Rei@left:blank
1007580,地の文,ナギは思ったより普通に答えた。,1007581,narration,,,,,,,,,,,,,
1007581,レイ,理由は聞かないのですか,1007582,,,,,,,,,,,,,,*|Rei@left:blank|Nagi@right:serious
1007582,ナギ,聞いてほしい？,1007583,,,,,,,,,,,,,,*|Nagi@right:serious|Rei@left:blank
1007583,レイ,分かりません,1007584,,,,,,,,,,,,,,*|Rei@left:blank|Nagi@right:serious
1007584,ナギ,じゃあ聞かない,1007585,,,,,,,,,,,,,,*|Nagi@right:serious|Rei@left:blank
1007585,地の文,歩き出す。二歩。,1007586,narration,,,,,,,,,,,,,
1007586,レイ,でも,1007587,,,,,,,,,,,,,,*|Rei@left:blank|Nagi@right:serious
1007587,地の文,振り返る。,1007588,narration,,,,,,,,,,,,,
1007588,ナギ,危ないことするなら、一人でやらないでね,1007589,,,,,,,,,,,,,,*|Nagi@right:serious|Rei@left:blank
1007589,レイ,どうして分かる,1007590,,,,,,,,,,,,,,*|Rei@left:blank|Nagi@right:serious
1007590,ナギ,レイ、何か決めたときだけ歩くの速いから,1007591,,,,,,,,,,,,,,*|Nagi@right:serious|Rei@left:blank
1007591,地の文,レイは自分の足を見る。,1007592,narration,,,,,,,,,,,,,
1007592,レイ,そんなに違いますか,1007593,,,,,,,,,,,,,,*|Rei@left:blank|PlaceholderRight@right:neutral
1007593,班長,最近はね,1007594,,,,,,,,,,,,,,*|PlaceholderRight@right:neutral|Rei@left:blank
1007594,地の文,ナギは笑った。,1007595,narration,,,,,,,,,,,,,
1007595,ナギ,長く一緒にいるから,1007596,,,,,,,,,,,,,,*|Nagi@right:serious|PlaceholderLeft@left:neutral
1007596,地の文,胸の奥が。少し痛んだ。,1007597,narration,,,,,,,,,,,,,
1007597,地の文,昼前。レイは班長の部屋を訪ねた。,1007598,narration,,,,,,,,,,,,,
1007598,レイ,入れ,1007599,,,,,,,,,,,,,,*|Rei@left:blank|PlaceholderRight@right:neutral
1007599,地の文,机。端末。古い紙の地図。壁際には補修用工具まで置かれている。,1200440,narration,,,,,,,,,,,,,
1200440,地の文,指導者の部屋というより。現場責任者の作業場。,1007600,narration,,,,,,,,,,,,,
1007600,レイ,何だ,1007601,,,,,,,,,,,,,,*|Rei@left:blank|PlaceholderRight@right:neutral
1007601,地の文,班長は端末から目を上げた。,1007602,narration,,,,,,,,,,,,,
1007602,班長,午後の任務について,1007603,,,,,,,,,,,,,,*|PlaceholderRight@right:neutral|Rei@left:blank
1007603,レイ,行けるのか,1007604,,,,,,,,,,,,,,*|Rei@left:blank|PlaceholderRight@right:neutral
1007604,指導者,行きません,1007605,,,,,,,,,,,,,,*|PlaceholderRight@right:neutral|Rei@left:blank
1007605,地の文,班長の指が止まる。,1007606,narration,,,,,,,,,,,,,
1007606,指導者,理由を聞こう,1007607,,,,,,,,,,,,,,*|PlaceholderRight@right:neutral|Rei@left:blank
1007607,地の文,レイは端末を机へ置いた。再生。班長自身の姿。匿名依頼。数秒だけ見て。,1200441,narration,,,,,,,,,,,,,
1200441,地の文,班長は停止を押した。,1007608,narration,,,,,,,,,,,,,
1007608,班長,どこで撮った,1007609,,,,,,,,,,,,,,*|PlaceholderRight@right:neutral|Rei@left:blank
1007609,レイ,昨日,1007610,,,,,,,,,,,,,,*|Rei@left:blank|PlaceholderRight@right:neutral
1007610,班長,聞いていたのか,1007611,,,,,,,,,,,,,,*|PlaceholderRight@right:neutral|Rei@left:blank
1007611,レイ,見ていました,1007612,,,,,,,,,,,,,,*|Rei@left:blank|PlaceholderRight@right:neutral
1007612,班長,そうか,1007613,,,,,,,,,,,,,,*|PlaceholderRight@right:neutral|Rei@left:blank
1007613,地の文,それだけ。驚かない。怒らない。,1007614,narration,,,,,,,,,,,,,
1007614,班長,説明を,1007615,,,,,,,,,,,,,,*|PlaceholderRight@right:neutral|Rei@left:blank
1007615,地の文,レイが言う。班長は椅子へ背を預けた。,1007616,narration,,,,,,,,,,,,,
1007616,レイ,どこから聞きたい,1007617,,,,,,,,,,,,,,*|Rei@left:blank|PlaceholderRight@right:neutral
1007617,班長,全部,1007618,,,,,,,,,,,,,,*|PlaceholderRight@right:neutral|Rei@left:blank
1007618,レイ,長くなる,1007619,,,,,,,,,,,,,,*|Rei@left:blank|PlaceholderRight@right:neutral
1007619,レイ,聞きます,1007620,,,,,,,,,,,,,,*|Rei@left:blank|PlaceholderRight@right:neutral
1007620,地の文,班長は少し考える。,1007621,narration,,,,,,,,,,,,,
1007621,班長,なら扉を閉めろ,1007622,,,,,,,,,,,,,,*|PlaceholderRight@right:neutral|Rei@left:blank
1007622,班長,匿名依頼を出していたのは俺だ,1007623,,,,,,,,,,,,,,*|PlaceholderRight@right:neutral|Rei@left:blank
1007623,地の文,最初に。そこを認めた。レイは予想していたのに。実際に聞くと、少し息が詰まった。,1007624,narration,,,,,,,,,,,,,
1007624,班長,どのくらい,1007625,,,,,,,,,,,,,,*|PlaceholderRight@right:neutral|Rei@left:blank
1007625,レイ,お前たちが政府施設から持ち帰った最初の記録以降、大半,1007626,,,,,,,,,,,,,,*|Rei@left:blank|PlaceholderRight@right:neutral
1007626,班長,なぜ私たちへ,1007627,,,,,,,,,,,,,,*|PlaceholderRight@right:neutral|Rei@left:blank
1007627,レイ,成功率が高かった,1007628,,,,,,,,,,,,,,*|Rei@left:blank|PlaceholderRight@right:neutral
1007628,班長,それだけ？,1007629,,,,,,,,,,,,,,*|PlaceholderRight@right:neutral|Rei@left:blank
1007629,レイ,違う,1007630,,,,,,,,,,,,,,*|Rei@left:blank|PlaceholderRight@right:neutral
1007630,地の文,班長は机の上で両手を組む。,1007631,narration,,,,,,,,,,,,,
1007631,班長,お前は政府施設の教育を受けている。ナギは閉鎖系に強い。,1200442,,,,,,,,,,,,,,*|PlaceholderRight@right:neutral|Rei@left:blank
1200442,班長,組ませれば、こちらが何年かけても届かなかった場所へ届く,1007632,,,,,,,,,,,,,,
1007632,レイ,だから利用した,1007633,,,,,,,,,,,,,,*|Rei@left:blank|PlaceholderRight@right:neutral
1007633,班長,そうだ,1007634,,,,,,,,,,,,,,*|PlaceholderRight@right:neutral|Rei@left:blank
1007634,地の文,否定しない。,1007635,narration,,,,,,,,,,,,,
1007635,班長,私たちに言わずに,1007636,,,,,,,,,,,,,,*|PlaceholderRight@right:neutral|Rei@left:blank
1007636,レイ,言えば断ったか,1007637,,,,,,,,,,,,,,*|Rei@left:blank|PlaceholderRight@right:neutral
1007637,班長,分かりません,1007638,,,,,,,,,,,,,,*|PlaceholderRight@right:neutral|Rei@left:blank
1007638,レイ,だからだ,1007639,,,,,,,,,,,,,,*|Rei@left:blank|PlaceholderRight@right:neutral
1007639,地の文,レイの眉が動く。班長はそれを見た。,1007640,narration,,,,,,,,,,,,,
1007640,班長,今の言い方は悪かった,1007641,,,,,,,,,,,,,,*|PlaceholderRight@right:neutral|Rei@left:blank
1007641,レイ,でも本当？,1007642,,,,,,,,,,,,,,*|Rei@left:blank|PlaceholderRight@right:neutral
1007642,班長,ああ,1007643,,,,,,,,,,,,,,*|PlaceholderRight@right:neutral|Rei@left:blank
1007643,地の文,少し間を置く。,1007644,narration,,,,,,,,,,,,,
1007644,班長,断られる可能性を、俺が嫌った,1007645,,,,,,,,,,,,,,*|PlaceholderRight@right:neutral|Rei@left:blank
1007645,地の文,レイは黙る。,1007646,narration,,,,,,,,,,,,,
1007646,班長,任務の目的を全部明かせば、現場の人間が迷う。そう考えた,1007647,,,,,,,,,,,,,,*|PlaceholderRight@right:neutral|Rei@left:blank
1007647,レイ,迷うと困る？,1007648,,,,,,,,,,,,,,*|Rei@left:blank|PlaceholderRight@right:neutral
1007648,班長,死ぬ,1007649,,,,,,,,,,,,,,*|PlaceholderRight@right:neutral|Rei@left:blank
1007649,レイ,必ず？,1007650,,,,,,,,,,,,,,*|Rei@left:blank|PlaceholderRight@right:neutral
1007650,班長,必ずじゃない,1007651,,,,,,,,,,,,,,*|PlaceholderRight@right:neutral|Rei@left:blank
1007651,レイ,なら,1007652,,,,,,,,,,,,,,*|Rei@left:blank|PlaceholderRight@right:neutral
1007652,班長,レイ,1007653,,,,,,,,,,,,,,*|PlaceholderRight@right:neutral|Rei@left:blank
1007653,地の文,声は強くない。,1007654,narration,,,,,,,,,,,,,
1007654,班長,俺は長い間、人を現場へ送ってきた。判断が遅れた数秒で死んだ人間も見てる。,1200443,,,,,,,,,,,,,,*|PlaceholderRight@right:neutral|Rei@left:blank
1200443,班長,命令が曖昧で戻れなかったやつもいる。だから、現場では目的を絞る。,1200444,,,,,,,,,,,,,,
1200444,班長,その考え自体は今も変わっていない,1007655,,,,,,,,,,,,,,
1007655,レイ,でも,1007656,,,,,,,,,,,,,,*|Rei@left:blank|PlaceholderRight@right:neutral
1007656,班長,それを利用して,1007657,,,,,,,,,,,,,,*|PlaceholderRight@right:neutral|Rei@left:blank
1007657,班長,必要以上に情報を隠した,1007658,,,,,,,,,,,,,,*|PlaceholderRight@right:neutral|Rei@left:blank
1007658,地の文,レイは目を離さない。,1007659,narration,,,,,,,,,,,,,
1007659,レイ,広報映像も？,1007660,,,,,,,,,,,,,,*|Rei@left:blank|PlaceholderRight@right:neutral
1007660,班長,ああ,1007661,,,,,,,,,,,,,,*|PlaceholderRight@right:neutral|Rei@left:blank
1007661,レイ,あの人たちの言葉を切った,1007662,,,,,,,,,,,,,,*|Rei@left:blank|PlaceholderRight@right:neutral
1007662,班長,俺が素材を選んだ,1007663,,,,,,,,,,,,,,*|PlaceholderRight@right:neutral|Rei@left:blank
1007663,レイ,政府が別の場所を救った部分を消した,1007664,,,,,,,,,,,,,,*|Rei@left:blank|PlaceholderRight@right:neutral
1007664,班長,そうだ,1007665,,,,,,,,,,,,,,*|PlaceholderRight@right:neutral|Rei@left:blank
1007665,レイ,怪我人も,1007666,,,,,,,,,,,,,,*|Rei@left:blank|PlaceholderRight@right:neutral
1007666,班長,映さなかった,1007667,,,,,,,,,,,,,,*|PlaceholderRight@right:neutral|Rei@left:blank
1007667,レイ,なぜ,1007668,,,,,,,,,,,,,,*|Rei@left:blank|PlaceholderRight@right:neutral
1007668,地の文,班長は少しだけ視線を落とす。,1007669,narration,,,,,,,,,,,,,
1007669,班長,怒りが必要だった,1007670,,,,,,,,,,,,,,*|PlaceholderRight@right:neutral|Rei@left:blank
1007670,地の文,その言葉は。想像していたより静かだった。,1007671,narration,,,,,,,,,,,,,
1007671,レイ,人を動かすために？,1007672,,,,,,,,,,,,,,*|Rei@left:blank|PlaceholderRight@right:neutral
1007672,班長,政府は何年も変わらなかった,1007673,,,,,,,,,,,,,,*|PlaceholderRight@right:neutral|Rei@left:blank
1007673,地の文,班長の声に、初めて少し熱が入る。,1007674,narration,,,,,,,,,,,,,
1007674,班長,申請。再申請。異議申立。待て。検討する。資源がない。人員がない。,1200445,,,,,,,,,,,,,,*|PlaceholderRight@right:neutral|Rei@left:blank
1200445,班長,必要性がある。そう言われている間に、外では人が死ぬ,1007675,,,,,,,,,,,,,,
1007675,レイ,だから怒らせた,1007676,,,,,,,,,,,,,,*|Rei@left:blank|PlaceholderRight@right:neutral
1007676,班長,元から怒っていた,1007677,,,,,,,,,,,,,,*|PlaceholderRight@right:neutral|Rei@left:blank
1007677,レイ,でも,1007678,,,,,,,,,,,,,,*|Rei@left:blank|PlaceholderRight@right:neutral
1007678,レイ,増幅した,1007679,,,,,,,,,,,,,,*|Rei@left:blank|PlaceholderRight@right:neutral
1007679,地の文,班長は認めた。,1007680,narration,,,,,,,,,,,,,
1007680,班長,否定しない,1007681,,,,,,,,,,,,,,*|PlaceholderRight@right:neutral|Rei@left:blank
1007681,地の文,レイは。自分の能力を思った。相手が欲しい答えを知る。そこへ言葉を置く。,1200446,narration,,,,,,,,,,,,,
1200446,地の文,笑わせる。安心させる。扉を開けさせる。,1007682,narration,,,,,,,,,,,,,
1007682,レイ,同じ,1007683,,,,,,,,,,,,,,*|Rei@left:blank|PlaceholderRight@right:neutral
1007683,地の文,口から出た。,1007684,narration,,,,,,,,,,,,,
1007684,班長,何が,1007685,,,,,,,,,,,,,,*|PlaceholderRight@right:neutral|Rei@left:blank
1007685,レイ,私と,1007686,,,,,,,,,,,,,,*|Rei@left:blank|PlaceholderRight@right:neutral
1007686,地の文,班長はレイを見る。,1007687,narration,,,,,,,,,,,,,
1007687,レイ,私は、相手が欲しい答えを言って、人を動かしてきました,1007688,,,,,,,,,,,,,,*|Rei@left:blank|PlaceholderRight@right:neutral
1007688,班長,……,1007689,,,,,,,,,,,,,,*|PlaceholderRight@right:neutral|Rei@left:blank
1007689,レイ,班長は、人が怒る言葉を選んだ,1007690,,,,,,,,,,,,,,*|Rei@left:blank|PlaceholderRight@right:neutral
1007690,班長,そうだな,1007691,,,,,,,,,,,,,,*|PlaceholderRight@right:neutral|Rei@left:blank
1007691,レイ,違いは？,1007692,,,,,,,,,,,,,,*|Rei@left:blank|PlaceholderRight@right:neutral
1007692,地の文,班長はすぐに答えなかった。,1007693,narration,,,,,,,,,,,,,
1007693,班長,規模,1007694,,,,,,,,,,,,,,*|PlaceholderRight@right:neutral|Rei@left:blank
1007694,地の文,やがて言った。,1007695,narration,,,,,,,,,,,,,
1007695,レイ,たぶん、それくらいだ,1007696,,,,,,,,,,,,,,*|Rei@left:blank|PlaceholderRight@right:neutral
1007696,班長,もう一つ,1007697,,,,,,,,,,,,,,*|PlaceholderRight@right:neutral|Rei@left:blank
1007697,地の文,レイは端末を操作する。昨日。最後に見た記録。南部物流崩壊事故。生存児童。,1200447,narration,,,,,,,,,,,,,
1200447,地の文,班長の目が変わった。,1007698,narration,,,,,,,,,,,,,
1007698,班長,見たのか,1007699,,,,,,,,,,,,,,*|PlaceholderRight@right:neutral|Rei@left:blank
1007699,レイ,少しだけ,1007700,,,,,,,,,,,,,,*|Rei@left:blank|PlaceholderRight@right:neutral
1007700,地の文,長い沈黙。,1007701,narration,,,,,,,,,,,,,
1007701,レイ,父の事故と関係がありますか,1007702,,,,,,,,,,,,,,*|Rei@left:blank|PlaceholderRight@right:neutral
1007702,地の文,班長は椅子から立った。窓はない。壁際へ歩き。古い地図の前で止まる。,1007703,narration,,,,,,,,,,,,,
1007703,班長,南部物流圏,1007704,,,,,,,,,,,,,,*|PlaceholderRight@right:neutral|Rei@left:blank
1007704,地の文,地図の一点を指す。,1007705,narration,,,,,,,,,,,,,
1007705,レイ,俺はそこにいた,1007706,,,,,,,,,,,,,,*|Rei@left:blank|PlaceholderRight@right:neutral
1007706,地の文,レイの指が止まる。,1007707,narration,,,,,,,,,,,,,
1007707,レイ,当時、八歳,1007708,,,,,,,,,,,,,,*|Rei@left:blank|PlaceholderRight@right:neutral
1007708,地の文,班長は地図を見たまま話す。,1007709,narration,,,,,,,,,,,,,
1007709,班長,母親と妹がいた。親父はいなかった。,1200448,,,,,,,,,,,,,,*|PlaceholderRight@right:neutral|Rei@left:blank
1200448,班長,物流倉庫で母親が働いてたから、配給優先は比較的高い地域だった,1007710,,,,,,,,,,,,,,
1007710,地の文,笑わない。,1007711,narration,,,,,,,,,,,,,
1007711,班長,停電しても、数時間で復旧すると思ってた,1007712,,,,,,,,,,,,,,*|PlaceholderRight@right:neutral|Rei@left:blank
1007712,地の文,冷却倉庫。食料。医薬品。,1007713,narration,,,,,,,,,,,,,
1007713,班長,でも復旧しなかった。翌日には配送が止まった。三日で病院が足りなくなった。,1200449,,,,,,,,,,,,,,*|PlaceholderRight@right:neutral|Rei@left:blank
1200449,班長,五日目からは水までおかしくなった,1007714,,,,,,,,,,,,,,
1007714,地の文,レイは何も言えない。,1007715,narration,,,,,,,,,,,,,
1007715,レイ,母親は十日目,1007716,,,,,,,,,,,,,,*|Rei@left:blank|PlaceholderRight@right:neutral
1007716,地の文,班長が言う。,1007717,narration,,,,,,,,,,,,,
1007717,班長,妹は、その二日後,1007718,,,,,,,,,,,,,,*|PlaceholderRight@right:neutral|Rei@left:blank
1007718,地の文,声は変わらない。それが余計に。長い時間が経ったことを感じさせた。,1007719,narration,,,,,,,,,,,,,
1007719,班長,父が,1007720,,,,,,,,,,,,,,*|PlaceholderRight@right:neutral|Rei@left:blank
1007720,地の文,レイは言葉を選ぶ。,1007721,narration,,,,,,,,,,,,,
1007721,レイ,北部へ電力を,1007722,,,,,,,,,,,,,,*|Rei@left:blank|PlaceholderRight@right:neutral
1007722,班長,知ってる,1007723,,,,,,,,,,,,,,*|PlaceholderRight@right:neutral|Rei@left:blank
1007723,地の文,班長は振り返る。,1007724,narration,,,,,,,,,,,,,
1007724,レイ,だからって、お前に謝らせる気はない,1007725,,,,,,,,,,,,,,*|Rei@left:blank|PlaceholderRight@right:neutral
1007725,班長,……,1007726,,,,,,,,,,,,,,*|PlaceholderRight@right:neutral|Rei@left:blank
1007726,レイ,お前はその場にいなかった,1007727,,,,,,,,,,,,,,*|Rei@left:blank|PlaceholderRight@right:neutral
1007727,班長,でも,1007728,,,,,,,,,,,,,,*|PlaceholderRight@right:neutral|Rei@left:blank
1007728,レイ,血で責任が移るなら、世界中ずっと復讐してればいい,1007729,,,,,,,,,,,,,,*|Rei@left:blank|PlaceholderRight@right:neutral
1007729,地の文,班長は机へ戻る。,1007730,narration,,,,,,,,,,,,,
1007730,班長,そんなものに興味はない,1007731,,,,,,,,,,,,,,*|PlaceholderRight@right:neutral|Rei@left:blank
1007731,レイ,父を恨んでいますか,1007732,,,,,,,,,,,,,,*|Rei@left:blank|PlaceholderRight@right:neutral
1007732,班長,昔は,1007733,,,,,,,,,,,,,,*|PlaceholderRight@right:neutral|Rei@left:blank
1007733,地の文,少し笑った。乾いた笑い。,1007734,narration,,,,,,,,,,,,,
1007734,レイ,殺してやりたいと思ったこともある。死んでるって知って、それすらできなくなった,1007735,,,,,,,,,,,,,,*|Rei@left:blank|PlaceholderRight@right:neutral
1007735,班長,今は,1007736,,,,,,,,,,,,,,*|PlaceholderRight@right:neutral|Rei@left:blank
1007736,レイ,分からん,1007737,,,,,,,,,,,,,,*|Rei@left:blank|PlaceholderRight@right:neutral
1007737,地の文,班長が椅子へ座る。,1007738,narration,,,,,,,,,,,,,
1007738,班長,ただ,1007739,,,,,,,,,,,,,,*|PlaceholderRight@right:neutral|Rei@left:blank
1007739,地の文,指が机を一度叩く。,1007740,narration,,,,,,,,,,,,,
1007740,班長,一人の人間が――,1200450,,,,,,,,,,,,,,*|PlaceholderRight@right:neutral|Rei@left:blank
1200450,班長,自分の見えている範囲だけで何万人の運命を変えられる仕組みは間違っていると思った,1007741,,,,,,,,,,,,,,
1007741,レイ,それでEClipseに？,1007742,,,,,,,,,,,,,,*|Rei@left:blank|PlaceholderRight@right:neutral
1007742,班長,ああ,1007743,,,,,,,,,,,,,,*|PlaceholderRight@right:neutral|Rei@left:blank
1007743,レイ,政府に決めさせないために,1007744,,,,,,,,,,,,,,*|Rei@left:blank|PlaceholderRight@right:neutral
1007744,班長,そうだ,1007745,,,,,,,,,,,,,,*|PlaceholderRight@right:neutral|Rei@left:blank
1007745,レイ,でも班長は,1007746,,,,,,,,,,,,,,*|Rei@left:blank|PlaceholderRight@right:neutral
1007746,地の文,レイの声が少しだけ強くなる。,1007747,narration,,,,,,,,,,,,,
1007747,レイ,第七区域の人に聞かなかった,1007748,,,,,,,,,,,,,,*|Rei@left:blank|PlaceholderRight@right:neutral
1007748,地の文,班長が黙る。,1007749,narration,,,,,,,,,,,,,
1007749,班長,物流拠点を襲ってほしいか,1007750,,,,,,,,,,,,,,*|PlaceholderRight@right:neutral|Rei@left:blank
1007750,レイ,……,1007751,,,,,,,,,,,,,,*|Rei@left:blank|PlaceholderRight@right:neutral
1007751,班長,政府の記録を編集して広めてほしいか,1007752,,,,,,,,,,,,,,*|PlaceholderRight@right:neutral|Rei@left:blank
1007752,レイ,……,1007753,,,,,,,,,,,,,,*|Rei@left:blank|PlaceholderRight@right:neutral
1007753,班長,二回目の蜂起を望んでいるか,1007754,,,,,,,,,,,,,,*|PlaceholderRight@right:neutral|Rei@left:blank
1007754,地の文,答えはない。,1007755,narration,,,,,,,,,,,,,
1007755,班長,班長も,1007756,,,,,,,,,,,,,,*|PlaceholderRight@right:neutral|Rei@left:blank
1007756,地の文,レイは続ける。,1007757,narration,,,,,,,,,,,,,
1007757,レイ,自分が見えている範囲で、みんなの運命を変えようとしている,1007758,,,,,,,,,,,,,,*|Rei@left:blank|PlaceholderRight@right:neutral
1007758,レイ,違う,1007759,,,,,,,,,,,,,,*|Rei@left:blank|PlaceholderRight@right:neutral
1007759,地の文,初めて。班長がすぐ否定した。,1007760,narration,,,,,,,,,,,,,
1007760,班長,俺は政府と違う。俺たちは現場から――,1007761,,,,,,,,,,,,,,*|PlaceholderRight@right:neutral|Rei@left:blank
1007761,地の文,そこで。言葉が止まった。レイは待った。班長が。自分の言葉を聞いている。,1007762,narration,,,,,,,,,,,,,
1007762,班長,俺たちは,1007763,,,,,,,,,,,,,,*|PlaceholderRight@right:neutral|Rei@left:blank
1007763,地の文,もう一度。続かない。,1007764,narration,,,,,,,,,,,,,
1007764,レイ,救ってきた,1007765,,,,,,,,,,,,,,*|Rei@left:blank|PlaceholderRight@right:neutral
1007765,地の文,ようやく。出た。,1007766,narration,,,,,,,,,,,,,
1007766,班長,第七区域も。未登録居住区も。再配置から逃げてきた人間も。,1200451,,,,,,,,,,,,,,*|PlaceholderRight@right:neutral|Rei@left:blank
1200451,班長,政府が切った場所へ、俺たちは何年も物資を運んだ,1007767,,,,,,,,,,,,,,
1007767,レイ,はい,1007768,,,,,,,,,,,,,,*|Rei@left:blank|PlaceholderRight@right:neutral
1007768,班長,だから分かる,1007769,,,,,,,,,,,,,,*|PlaceholderRight@right:neutral|Rei@left:blank
1007769,班長,何を必要としているか,1007770,,,,,,,,,,,,,,*|PlaceholderRight@right:neutral|Rei@left:blank
1007770,レイ,……,1007771,,,,,,,,,,,,,,*|Rei@left:blank|PlaceholderRight@right:neutral
1007771,地の文,レイはその言葉を聞いた。,1007772,narration,,,,,,,,,,,,,
1007772,班長,それを,1007773,,,,,,,,,,,,,,*|PlaceholderRight@right:neutral|Rei@left:blank
1007773,地の文,ゆっくり。,1007774,narration,,,,,,,,,,,,,
1007774,レイ,本人に聞きましたか,1007775,,,,,,,,,,,,,,*|Rei@left:blank|PlaceholderRight@right:neutral
1007775,地の文,班長は。答えなかった。,1007776,narration,,,,,,,,,,,,,
1007776,地の文,二人だけで決める話ではない。そう言ったのはレイだった。班長は反対しなかった。,1007777,narration,,,,,,,,,,,,,
1007777,班長,話すなら、誰まで呼ぶ,1007778,,,,,,,,,,,,,,*|PlaceholderRight@right:neutral|Rei@left:blank
1007778,レイ,できるだけ多くです,1007779,,,,,,,,,,,,,,*|Rei@left:blank|PlaceholderRight@right:neutral
1007779,班長,全員は無理だ。『関係する人だけ』にしても、その関係者を誰が選ぶ？,1007780,,,,,,,,,,,,,,*|PlaceholderRight@right:neutral|Rei@left:blank
1007780,地の文,レイは答えかけて止まった。,1007781,narration,,,,,,,,,,,,,
1007781,班長,……また、私たちが選ぶことになります,1007782,,,,,,,,,,,,,,*|PlaceholderRight@right:neutral|Rei@left:blank
1007782,地の文,レイは止まった。班長を見る。班長も。少しだけ口元を歪めた。,1007783,narration,,,,,,,,,,,,,
1007783,班長,そうなるだろ,1007784,,,,,,,,,,,,,,*|PlaceholderRight@right:neutral|Rei@left:blank
1007784,地の文,選ぶ。代表させる。また誰かが決める。,1007785,narration,,,,,,,,,,,,,
1007785,レイ,公開します,1007786,,,,,,,,,,,,,,*|Rei@left:blank|PlaceholderRight@right:neutral
1007786,班長,何を公開する,1007787,,,,,,,,,,,,,,*|PlaceholderRight@right:neutral|Rei@left:blank
1007787,レイ,持っているものを全部です。拠点内だけではなく、EClipseの内部網へ,1007788,,,,,,,,,,,,,,*|Rei@left:blank|PlaceholderRight@right:neutral
1007788,地の文,班長の表情がわずかに険しくなる。,1007789,narration,,,,,,,,,,,,,
1007789,班長,指導部も見る。俺の権限も止まる。それに、組織はかなり混乱するぞ,1007790,,,,,,,,,,,,,,*|PlaceholderRight@right:neutral|Rei@left:blank
1007790,レイ,分かっています。それでも、誰が知るべきかまで私たちだけで決めたくありません,1007791,,,,,,,,,,,,,,*|Rei@left:blank|PlaceholderRight@right:neutral
1007791,地の文,班長はレイを見る。,1007792,narration,,,,,,,,,,,,,
1007792,班長,それでも？,1007793,,,,,,,,,,,,,,*|PlaceholderRight@right:neutral|Rei@left:blank
1007793,班長,私が,1007794,,,,,,,,,,,,,,*|PlaceholderRight@right:neutral|Rei@left:blank
1007794,地の文,レイは一度息を吸う。,1007795,narration,,,,,,,,,,,,,
1007795,レイ,誰が知るべきかまで決めたくありません,1007796,,,,,,,,,,,,,,*|Rei@left:blank|PlaceholderRight@right:neutral
1007796,地の文,班長は長く黙った。やがて。,1007797,narration,,,,,,,,,,,,,
1007797,班長,分かった,1007798,,,,,,,,,,,,,,*|PlaceholderRight@right:neutral|Rei@left:blank
1007798,地の文,その日の午後。工場の大型画面。EClipse内部網。複数の拠点。,1200452,narration,,,,,,,,,,,,,
1200452,地の文,第七区域。周辺居住区。支援施設。繋げられる場所だけ。顔。声。回線。,1200453,narration,,,,,,,,,,,,,
1200453,地の文,人数は分からない。,1007799,narration,,,,,,,,,,,,,
1007799,地の文,ただ。多い。,1007800,narration,,,,,,,,,,,,,
1007800,ナギ,何これ,1007801,,,,,,,,,,,,,,*|Nagi@right:serious|PlaceholderLeft@left:neutral
1007801,地の文,運転手が呆然としていた。,1007802,narration,,,,,,,,,,,,,
1007802,運転手,レイ,1007803,,,,,,,,,,,,,,*|PlaceholderLeft@left:neutral|PlaceholderRight@right:neutral
1007803,地の文,女性が小声で聞く。,1007804,narration,,,,,,,,,,,,,
1007804,女性,本当にやるの？,1007805,,,,,,,,,,,,,,*|PlaceholderLeft@left:neutral|Nagi@right:serious
1007805,ナギ,はい,1007806,,,,,,,,,,,,,,*|Nagi@right:serious|PlaceholderLeft@left:neutral
1007806,地の文,少年は端末前。,1007807,narration,,,,,,,,,,,,,
1007807,少年,回線準備できた,1007808,,,,,,,,,,,,,,*|PlaceholderLeft@left:neutral|PlaceholderRight@right:neutral
1007808,女性,止められる？,1007809,,,,,,,,,,,,,,*|PlaceholderLeft@left:neutral|PlaceholderRight@right:neutral
1007809,少年,指導部から？,1007810,,,,,,,,,,,,,,*|PlaceholderLeft@left:neutral|Nagi@right:serious
1007810,ナギ,はい,1007811,,,,,,,,,,,,,,*|Nagi@right:serious|PlaceholderLeft@left:neutral
1007811,班長,止められる。でも切られた瞬間にミラー側へ複製する,1007812,,,,,,,,,,,,,,*|PlaceholderLeft@left:neutral|PlaceholderRight@right:neutral
1007812,少年,それ,1007813,,,,,,,,,,,,,,*|PlaceholderLeft@left:neutral|PlaceholderRight@right:neutral
1007813,地の文,ナギが画面を見る。,1007814,narration,,,,,,,,,,,,,
1007814,ナギ,いつ作ったの？,1007815,,,,,,,,,,,,,,*|Nagi@right:serious|PlaceholderLeft@left:neutral
1007815,少年,昨日,1007816,,,,,,,,,,,,,,*|PlaceholderLeft@left:neutral|Nagi@right:serious
1007816,ナギ,聞いてない,1007817,,,,,,,,,,,,,,*|Nagi@right:serious|PlaceholderLeft@left:neutral
1007817,少年,言ってない,1007818,,,,,,,,,,,,,,*|PlaceholderLeft@left:neutral|Nagi@right:serious
1007818,ナギ,私にも？,1007819,,,,,,,,,,,,,,*|Nagi@right:serious|PlaceholderLeft@left:neutral
1007819,少年,うん,1007820,,,,,,,,,,,,,,*|PlaceholderLeft@left:neutral|Nagi@right:serious
1007820,地の文,ナギは少しだけ少年を見る。,1007821,narration,,,,,,,,,,,,,
1007821,ナギ,成長したね,1007822,,,,,,,,,,,,,,*|Nagi@right:serious|PlaceholderLeft@left:neutral
1007822,少年,誰のせいだと思ってる,1007823,,,,,,,,,,,,,,*|PlaceholderLeft@left:neutral|Nagi@right:serious
1007823,地の文,班長が入ってくる。ざわめきが止まる。いつもの服。いつもの顔。腕章も変わらない。,1007824,narration,,,,,,,,,,,,,
1007824,班長,始めろ,1007825,,,,,,,,,,,,,,*|PlaceholderLeft@left:neutral|PlaceholderRight@right:neutral
1007825,地の文,少年が配信を開いた。,1007826,narration,,,,,,,,,,,,,
1007826,地の文,最初に流したのは。編集された映像ではなかった。老人。,1007827,narration,,,,,,,,,,,,,
1007827,老人,政府は、俺たちを見捨てたんだと思う,1007828,,,,,,,,,,,,,,*|PlaceholderLeft@left:neutral|PlaceholderRight@right:neutral
1007828,地の文,続き。,1007829,narration,,,,,,,,,,,,,
1007829,老人,でも、東の感染区に水を回したって話も聞いた,1007830,,,,,,,,,,,,,,*|PlaceholderLeft@left:neutral|PlaceholderRight@right:neutral
1007830,地の文,医師。,1007831,narration,,,,,,,,,,,,,
1007831,医師,薬が来なくなって三人死んだ,1007832,,,,,,,,,,,,,,*|PlaceholderLeft@left:neutral|PlaceholderRight@right:neutral
1007832,地の文,続き。,1007833,narration,,,,,,,,,,,,,
1007833,医師,あっちの医者に同じこと聞いたら、たぶん同じ答えになる,1007834,,,,,,,,,,,,,,*|PlaceholderLeft@left:neutral|PlaceholderRight@right:neutral
1007834,地の文,母親。,1007835,narration,,,,,,,,,,,,,
1007835,母親,息子は登録が切れて学校へ行けなくなった,1007836,,,,,,,,,,,,,,*|PlaceholderLeft@left:neutral|PlaceholderRight@right:neutral
1007836,地の文,続き。,1007837,narration,,,,,,,,,,,,,
1007837,母親,三か月かかったけど、再申請は通った,1007838,,,,,,,,,,,,,,*|PlaceholderLeft@left:neutral|PlaceholderRight@right:neutral
1007838,地の文,全部。その次。物流拠点の事故。負傷者。政府側。EClipse側。そして。,1200454,narration,,,,,,,,,,,,,
1200454,地の文,匿名依頼。班長の操作映像。ざわめき。通信越しに声が飛ぶ。,1007839,narration,,,,,,,,,,,,,
1007839,ナギ,どういうことだ,1007840,,,,,,,,,,,,,,*|Nagi@right:serious|PlaceholderLeft@left:neutral
1007840,少年,班長がやってたのか？,1007841,,,,,,,,,,,,,,*|PlaceholderLeft@left:neutral|PlaceholderRight@right:neutral
1007841,班長,俺たちに回ってきた依頼も？,1007842,,,,,,,,,,,,,,*|PlaceholderLeft@left:neutral|PlaceholderRight@right:neutral
1007842,班長,広報も？,1007843,,,,,,,,,,,,,,*|PlaceholderLeft@left:neutral|PlaceholderRight@right:neutral
1007843,地の文,少年が音量を調整する。班長は逃げない。画面の前へ立った。,1007844,narration,,,,,,,,,,,,,
1007844,老婆,匿名依頼を使った,1007845,,,,,,,,,,,,,,*|PlaceholderRight@right:neutral|Rei@left:blank
1007845,地の文,最初に言う。,1007846,narration,,,,,,,,,,,,,
1007846,レイ,政府内部へ潜る班を選び、必要な情報を取らせた,1007847,,,,,,,,,,,,,,*|Rei@left:blank|PlaceholderRight@right:neutral
1007847,班長,何で隠した,1007848,,,,,,,,,,,,,,*|PlaceholderLeft@left:neutral|PlaceholderRight@right:neutral
1007848,少年,断られる可能性があったからだ,1007849,,,,,,,,,,,,,,*|PlaceholderLeft@left:neutral|PlaceholderRight@right:neutral
1007849,地の文,ざわめきが大きくなる。,1007850,narration,,,,,,,,,,,,,
1007850,レイ,広報映像も編集した。政府側に合理的理由があった部分を落とした。,1200455,,,,,,,,,,,,,,*|Rei@left:blank|PlaceholderRight@right:neutral
1200455,レイ,蜂起への支持を増やすためだ,1007851,,,,,,,,,,,,,,
1007851,班長,騙したってことかよ！,1007852,,,,,,,,,,,,,,*|PlaceholderLeft@left:neutral|Nagi@right:serious
1007852,ナギ,事実を捏造したつもりはない,1007853,,,,,,,,,,,,,,*|Nagi@right:serious|PlaceholderLeft@left:neutral
1007853,班長,同じだろ！,1007854,,,,,,,,,,,,,,*|PlaceholderLeft@left:neutral|Nagi@right:serious
1007854,班長,違うだろ、政府が切ったのは本当だ！,1007855,,,,,,,,,,,,,,*|PlaceholderLeft@left:neutral|Nagi@right:serious
1007855,班長,でも事故隠してたじゃねえか！,1007856,,,,,,,,,,,,,,*|PlaceholderLeft@left:neutral|Nagi@right:serious
1007856,班長,物資来たのも本当だろ！,1007857,,,,,,,,,,,,,,*|PlaceholderLeft@left:neutral|Nagi@right:serious
1007857,地の文,声。一つにならない。レイは見ていた。第七区域から。老婆の顔。画面の端。,1007858,narration,,,,,,,,,,,,,
1007858,運転手,婆ちゃん,1007859,,,,,,,,,,,,,,*|PlaceholderLeft@left:neutral|PlaceholderRight@right:neutral
1007859,地の文,ナギが小さく言う。老婆が通信を取った。,1007860,narration,,,,,,,,,,,,,
1007860,老婆,あたしも言っていいかい,1007861,,,,,,,,,,,,,,*|PlaceholderLeft@left:neutral|PlaceholderRight@right:neutral
1007861,地の文,少し静かになる。,1007862,narration,,,,,,,,,,,,,
1007862,老婆,水と薬を持ってきてもらった。助かったよ。そこは今でもありがたい,1007863,,,,,,,,,,,,,,*|PlaceholderLeft@left:neutral|PlaceholderRight@right:neutral
1007863,地の文,班長は黙って聞く。,1007864,narration,,,,,,,,,,,,,
1007864,老婆,でも、あたしらのために戦ったって言われると腹が立つ,1007865,,,,,,,,,,,,,,*|PlaceholderLeft@left:neutral|PlaceholderRight@right:neutral
1007865,地の文,ざわめき。,1007866,narration,,,,,,,,,,,,,
1007866,老婆,こっちは頼んでない,1007867,,,,,,,,,,,,,,*|PlaceholderLeft@left:neutral|PlaceholderRight@right:neutral
1007867,地の文,簡単。,1007868,narration,,,,,,,,,,,,,
1007868,老婆,政府が嫌いかって聞かれりゃ、嫌いなところはいくらでもある。,1200456,,,,,,,,,,,,,,*|PlaceholderLeft@left:neutral|PlaceholderRight@right:neutral
1200456,老婆,でも、明日から戦争したいかって聞かれりゃ別だよ,1007869,,,,,,,,,,,,,,
1007869,地の文,別の回線。男。,1007870,narration,,,,,,,,,,,,,
1007870,男,俺はやるべきだと思う,1007871,,,,,,,,,,,,,,*|PlaceholderLeft@left:neutral|PlaceholderRight@right:neutral
1007871,地の文,レイが見る。知らない男。,1007872,narration,,,,,,,,,,,,,
1007872,男,うちの区域は三回申請して全部切られた。待ってる間に二人死んだ。,1200457,,,,,,,,,,,,,,*|PlaceholderLeft@left:neutral|PlaceholderRight@right:neutral
1200457,男,話し合いで変わるならとっくに変わってる,1007873,,,,,,,,,,,,,,
1007873,地の文,別。女性。,1007874,narration,,,,,,,,,,,,,
1007874,少年,私は子どもがいる。戦うのは嫌。でも政府に戻る気もない,1007875,,,,,,,,,,,,,,*|PlaceholderRight@right:neutral|Rei@left:blank
1007875,地の文,別。,1007876,narration,,,,,,,,,,,,,
1007876,レイ,EClipseの支援がなかったら、冬越せなかった,1007877,,,,,,,,,,,,,,*|Rei@left:blank|PlaceholderRight@right:neutral
1007877,地の文,別。,1007878,narration,,,,,,,,,,,,,
1007878,少年,だからって指導部に全部決めてほしいわけじゃない,1007879,,,,,,,,,,,,,,*|PlaceholderLeft@left:neutral|PlaceholderRight@right:neutral
1007879,地の文,別。,1007880,narration,,,,,,,,,,,,,
1007880,男,蜂起は続けるべきだ,1007881,,,,,,,,,,,,,,*|PlaceholderLeft@left:neutral|PlaceholderRight@right:neutral
1007881,地の文,別。,1007882,narration,,,,,,,,,,,,,
1007882,老婆,もうやめろ,1007883,,,,,,,,,,,,,,*|PlaceholderLeft@left:neutral|PlaceholderRight@right:neutral
1007883,地の文,割れる。ひどく。きれいにまとまらない。,1007884,narration,,,,,,,,,,,,,
1007884,運転手,収拾つかない,1007885,,,,,,,,,,,,,,*|PlaceholderLeft@left:neutral|PlaceholderRight@right:neutral
1007885,少年,当たり前,1007886,,,,,,,,,,,,,,*|PlaceholderLeft@left:neutral|PlaceholderRight@right:neutral
1007886,運転手,今までまとめすぎてたんだよ,1007887,,,,,,,,,,,,,,*|PlaceholderLeft@left:neutral|PlaceholderRight@right:neutral
1007887,老婆,でもこれ,1007888,,,,,,,,,,,,,,*|PlaceholderLeft@left:neutral|PlaceholderRight@right:neutral
1007888,地の文,女性が不安そうに画面を見る。,1007889,narration,,,,,,,,,,,,,
1007889,少年,どうやって決めるの,1007890,,,,,,,,,,,,,,*|PlaceholderLeft@left:neutral|PlaceholderRight@right:neutral
1007890,地の文,誰も答えない。その言葉が。一番大きかった。,1007891,narration,,,,,,,,,,,,,
1007891,地の文,中央の指導者が回線へ入った。工場の空気が変わる。,1007892,narration,,,,,,,,,,,,,
1007892,指導者,班長,1007893,,,,,,,,,,,,,,*|PlaceholderRight@right:neutral|Rei@left:blank
1007893,レイ,はい,1007894,,,,,,,,,,,,,,*|Rei@left:blank|PlaceholderRight@right:neutral
1007894,指導者,権限を停止する,1007895,,,,,,,,,,,,,,*|PlaceholderRight@right:neutral|Rei@left:blank
1007895,レイ,分かりました,1007896,,,,,,,,,,,,,,*|Rei@left:blank|PlaceholderRight@right:neutral
1007896,指導者,全域広報、匿名依頼管理、地域統括。すべて返却,1007897,,,,,,,,,,,,,,*|PlaceholderRight@right:neutral|Rei@left:blank
1007897,レイ,はい,1007898,,,,,,,,,,,,,,*|Rei@left:blank|PlaceholderRight@right:neutral
1007898,指導者,異議は,1007899,,,,,,,,,,,,,,*|PlaceholderRight@right:neutral|Rei@left:blank
1007899,レイ,ありません,1007900,,,,,,,,,,,,,,*|Rei@left:blank|PlaceholderRight@right:neutral
1007900,地の文,簡単だった。,1007901,narration,,,,,,,,,,,,,
1007901,指導者,レイ,1007902,,,,,,,,,,,,,,*|PlaceholderRight@right:neutral|Rei@left:blank
1007902,地の文,突然呼ばれる。,1007903,narration,,,,,,,,,,,,,
1007903,レイ,はい,1007904,,,,,,,,,,,,,,*|Rei@left:blank|PlaceholderRight@right:neutral
1007904,指導者,この公開を主導したのは君だと聞いている,1007905,,,,,,,,,,,,,,*|PlaceholderRight@right:neutral|Rei@left:blank
1007905,レイ,はい,1007906,,,,,,,,,,,,,,*|Rei@left:blank|PlaceholderRight@right:neutral
1007906,指導者,なら聞きたい。次をどうする,1007907,,,,,,,,,,,,,,*|PlaceholderRight@right:neutral|Rei@left:blank
1007907,地の文,周囲がレイを見る。ナギも。班長も。指導者が続ける。,1007908,narration,,,,,,,,,,,,,
1007908,指導者,第二次蜂起は四日後に予定されている。,1200458,,,,,,,,,,,,,,*|PlaceholderRight@right:neutral|Rei@left:blank
1200458,指導者,中止すれば政府の再編が進み、こちらの好機は失われる。,1200459,,,,,,,,,,,,,,
1200459,指導者,実行すれば支持のない区域まで巻き込む可能性がある,1007909,,,,,,,,,,,,,,
1007909,地の文,答え。求められている。みんなが。今。レイに。,1007910,narration,,,,,,,,,,,,,
1007910,指導者,君はどちらが正しいと思う,1007911,,,,,,,,,,,,,,*|PlaceholderRight@right:neutral|Rei@left:blank
1007911,地の文,昔なら。相手が欲しい答えを探した。今も読める。中央指導者は。,1200460,narration,,,,,,,,,,,,,
1200460,地の文,判断を求めている。責任を共有したい。班長は。レイ自身の答えを聞きたい。老婆は。,1007912,narration,,,,,,,,,,,,,
1007912,地の文,勝手に代表されたくない。戦いたい男は。実行を望む。子どもがいる女性は。,1200461,narration,,,,,,,,,,,,,
1200461,地の文,中止してほしい。全部。分かる。,1007913,narration,,,,,,,,,,,,,
1007913,レイ,私が決めるのは,1007914,,,,,,,,,,,,,,*|Rei@left:blank|PlaceholderRight@right:neutral
1007914,指導者,違うと思います,1007915,,,,,,,,,,,,,,*|PlaceholderRight@right:neutral|Rei@left:blank
1007915,レイ,では誰が,1007916,,,,,,,,,,,,,,*|Rei@left:blank|PlaceholderRight@right:neutral
1007916,指導者,分かりません,1007917,,,,,,,,,,,,,,*|PlaceholderRight@right:neutral|Rei@left:blank
1007917,地の文,ざわめき。指導者の声が少し硬くなる。,1007918,narration,,,,,,,,,,,,,
1007918,指導者,それでは何も決まらない,1007919,,,,,,,,,,,,,,*|PlaceholderRight@right:neutral|Rei@left:blank
1007919,レイ,はい,1007920,,,,,,,,,,,,,,*|Rei@left:blank|PlaceholderRight@right:neutral
1007920,指導者,時間はない,1007921,,,,,,,,,,,,,,*|PlaceholderRight@right:neutral|Rei@left:blank
1007921,レイ,はい,1007922,,,,,,,,,,,,,,*|Rei@left:blank|PlaceholderRight@right:neutral
1007922,指導者,多数決にするのか。区域代表にするのか。指導部が決めるのか。,1200462,,,,,,,,,,,,,,*|PlaceholderRight@right:neutral|Rei@left:blank
1200462,指導者,何か決めなければならない,1007923,,,,,,,,,,,,,,
1007923,地の文,レイは画面を見る。たくさんの顔。,1007924,narration,,,,,,,,,,,,,
1007924,レイ,では,1007925,,,,,,,,,,,,,,*|Rei@left:blank|PlaceholderRight@right:neutral
1007925,地の文,一度。息を吸う。,1007926,narration,,,,,,,,,,,,,
1007926,老婆,決め方から聞きます,1007927,,,,,,,,,,,,,,*|PlaceholderLeft@left:neutral|PlaceholderRight@right:neutral
1007927,指導者,……何？,1007928,,,,,,,,,,,,,,*|PlaceholderRight@right:neutral|Rei@left:blank
1007928,レイ,蜂起に参加する区域は、自分たちで参加するか決める,1007929,,,,,,,,,,,,,,*|Rei@left:blank|PlaceholderRight@right:neutral
1007929,地の文,少年がレイを見る。,1007930,narration,,,,,,,,,,,,,
1007930,レイ,参加しない区域の名前を、勝手に使わない,1007931,,,,,,,,,,,,,,*|Rei@left:blank|PlaceholderRight@right:neutral
1007931,地の文,老婆が少し笑った。,1007932,narration,,,,,,,,,,,,,
1007932,老婆,支援だけ続けたい班は、それでもいい,1007933,,,,,,,,,,,,,,*|PlaceholderRight@right:neutral|Rei@left:blank
1007933,地の文,女性の肩が僅かに下がる。,1007934,narration,,,,,,,,,,,,,
1007934,老婆,戦いたい人を止めるかは,1007935,,,,,,,,,,,,,,*|PlaceholderRight@right:neutral|Rei@left:blank
1007935,地の文,レイは止まる。,1007936,narration,,,,,,,,,,,,,
1007936,レイ,今の私には分かりません,1007937,,,,,,,,,,,,,,*|Rei@left:blank|PlaceholderRight@right:neutral
1007937,指導者,政府側の対応は区域を分けない,1007938,,,,,,,,,,,,,,*|PlaceholderRight@right:neutral|Rei@left:blank
1007938,レイ,だから,1007939,,,,,,,,,,,,,,*|Rei@left:blank|PlaceholderRight@right:neutral
1007939,指導者,全部を一つの答えにするのが無理なんだと思います,1007940,,,,,,,,,,,,,,*|PlaceholderRight@right:neutral|Rei@left:blank
1007940,地の文,沈黙。,1007941,narration,,,,,,,,,,,,,
1007941,レイ,私は,1007942,,,,,,,,,,,,,,*|Rei@left:blank|PlaceholderRight@right:neutral
1007942,地の文,初めて。大勢の前で。,1007943,narration,,,,,,,,,,,,,
1007943,女性,EClipseの新しい指導者にはなりません,1007944,,,,,,,,,,,,,,*|PlaceholderRight@right:neutral|Rei@left:blank
1007944,地の文,誰もそんな話をしていなかった。でも。その可能性が。空気の中にあった。,1007945,narration,,,,,,,,,,,,,
1007945,レイ,班長の代わりにも,1007946,,,,,,,,,,,,,,*|Rei@left:blank|PlaceholderRight@right:neutral
1007946,地の文,班長を見る。,1007947,narration,,,,,,,,,,,,,
1007947,レイ,なりません,1007948,,,,,,,,,,,,,,*|Rei@left:blank|PlaceholderRight@right:neutral
1007948,地の文,班長は。ほんの少しだけ。笑った。,1007949,narration,,,,,,,,,,,,,
1007949,地の文,その日のうちに。第二次蜂起は「全域一斉」ではなくなった。,1200463,narration,,,,,,,,,,,,,
1200463,地の文,正式に中止ともならなかった。参加を表明する区域。参加しない区域。保留。,1200464,narration,,,,,,,,,,,,,
1200464,地の文,支援網だけ残す班。,1007950,narration,,,,,,,,,,,,,
1007950,地の文,政府情報の公開だけ続ける班。分かれた。,1200465,narration,,,,,,,,,,,,,
1200465,地の文,EClipseという一つの名前の中に。違う答えが並んだ。,1007951,narration,,,,,,,,,,,,,
1007951,ナギ,これ、組織として大丈夫なの？,1007952,,,,,,,,,,,,,,*|Nagi@right:serious|PlaceholderLeft@left:neutral
1007952,地の文,運転手が壁面を見る。各区域の回答。,1007953,narration,,,,,,,,,,,,,
1007953,運転手,分裂してるようにしか見えない,1007954,,,,,,,,,,,,,,*|PlaceholderLeft@left:neutral|PlaceholderRight@right:neutral
1007954,少年,分裂してる,1007955,,,,,,,,,,,,,,*|PlaceholderLeft@left:neutral|PlaceholderRight@right:neutral
1007955,運転手,言い切るなよ,1007956,,,,,,,,,,,,,,*|PlaceholderLeft@left:neutral|Nagi@right:serious
1007956,ナギ,事実,1007957,,,,,,,,,,,,,,*|Nagi@right:serious|PlaceholderLeft@left:neutral
1007957,運転手,終わり？,1007958,,,,,,,,,,,,,,*|PlaceholderLeft@left:neutral|Nagi@right:serious
1007958,地の文,女性が聞く。,1007959,narration,,,,,,,,,,,,,
1007959,女性,EClipse,1007960,,,,,,,,,,,,,,*|PlaceholderLeft@left:neutral|PlaceholderRight@right:neutral
1007960,地の文,少年は少し考えた。,1007961,narration,,,,,,,,,,,,,
1007961,少年,名前は残るんじゃない,1007962,,,,,,,,,,,,,,*|PlaceholderLeft@left:neutral|PlaceholderRight@right:neutral
1007962,運転手,何で,1007963,,,,,,,,,,,,,,*|PlaceholderLeft@left:neutral|PlaceholderRight@right:neutral
1007963,少年,政府に不満ある人が消えたわけじゃないから,1007964,,,,,,,,,,,,,,*|PlaceholderLeft@left:neutral|PlaceholderRight@right:neutral
1007964,地の文,ナギが画面を見る。,1007965,narration,,,,,,,,,,,,,
1007965,ナギ,むしろ、これからの方が面倒かもね,1007966,,,,,,,,,,,,,,*|Nagi@right:serious|PlaceholderLeft@left:neutral
1007966,運転手,嬉しそう,1007967,,,,,,,,,,,,,,*|PlaceholderLeft@left:neutral|Nagi@right:serious
1007967,ナギ,面白いから,1007968,,,,,,,,,,,,,,*|Nagi@right:serious|PlaceholderLeft@left:neutral
1007968,少年,またそれか,1007969,,,,,,,,,,,,,,*|PlaceholderLeft@left:neutral|Nagi@right:serious
1007969,地の文,班長はいない。権限停止。自室。一時的に現場からも外された。それでも。,1200466,narration,,,,,,,,,,,,,
1200466,地の文,誰も彼を牢へ入れなかった。逃げもしなかった。,1007970,narration,,,,,,,,,,,,,
1007970,地の文,夜。レイは班長の部屋を訪れた。,1007971,narration,,,,,,,,,,,,,
1007971,レイ,入れ,1007972,,,,,,,,,,,,,,*|Rei@left:blank|PlaceholderRight@right:neutral
1007972,地の文,朝と同じ。ただ。机の上に管理端末はない。,1007973,narration,,,,,,,,,,,,,
1007973,班長,何だ,1007974,,,,,,,,,,,,,,*|PlaceholderRight@right:neutral|Rei@left:blank
1007974,レイ,一つだけ,1007975,,,,,,,,,,,,,,*|Rei@left:blank|PlaceholderRight@right:neutral
1007975,班長,聞こう,1007976,,,,,,,,,,,,,,*|PlaceholderRight@right:neutral|Rei@left:blank
1007976,レイ,後悔していますか,1007977,,,,,,,,,,,,,,*|Rei@left:blank|PlaceholderRight@right:neutral
1007977,地の文,班長は椅子へ背を預ける。,1007978,narration,,,,,,,,,,,,,
1007978,班長,何を,1007979,,,,,,,,,,,,,,*|PlaceholderRight@right:neutral|Rei@left:blank
1007979,レイ,全部,1007980,,,,,,,,,,,,,,*|Rei@left:blank|PlaceholderRight@right:neutral
1007980,地の文,少し笑う。,1007981,narration,,,,,,,,,,,,,
1007981,レイ,便利な聞き方だな,1007982,,,,,,,,,,,,,,*|Rei@left:blank|PlaceholderRight@right:neutral
1007982,班長,すみません,1007983,,,,,,,,,,,,,,*|PlaceholderRight@right:neutral|Rei@left:blank
1007983,レイ,いや,1007984,,,,,,,,,,,,,,*|Rei@left:blank|PlaceholderRight@right:neutral
1007984,地の文,班長は天井を見る。,1007985,narration,,,,,,,,,,,,,
1007985,班長,匿名依頼を使ったことは、今なら別のやり方があったと思う。映像編集も。,1200467,,,,,,,,,,,,,,*|PlaceholderRight@right:neutral|Rei@left:blank
1200467,班長,事故を隠したのも,1007986,,,,,,,,,,,,,,
1007986,レイ,蜂起は？,1007987,,,,,,,,,,,,,,*|Rei@left:blank|PlaceholderRight@right:neutral
1007987,班長,分からん,1007988,,,,,,,,,,,,,,*|PlaceholderRight@right:neutral|Rei@left:blank
1007988,レイ,……,1007989,,,,,,,,,,,,,,*|Rei@left:blank|PlaceholderRight@right:neutral
1007989,班長,政府が明日から急に人の話を聞くとは思ってない,1007990,,,,,,,,,,,,,,*|PlaceholderRight@right:neutral|Rei@left:blank
1007990,レイ,はい,1007991,,,,,,,,,,,,,,*|Rei@left:blank|PlaceholderRight@right:neutral
1007991,班長,俺が止まったからって、切られる地域が減るわけでもない,1007992,,,,,,,,,,,,,,*|PlaceholderRight@right:neutral|Rei@left:blank
1007992,レイ,はい,1007993,,,,,,,,,,,,,,*|Rei@left:blank|PlaceholderRight@right:neutral
1007993,レイ,だから、戦うべきだと思ってる自分もいる,1007994,,,,,,,,,,,,,,*|Rei@left:blank|PlaceholderRight@right:neutral
1007994,地の文,班長はレイを見る。,1007995,narration,,,,,,,,,,,,,
1007995,班長,でも,1007996,,,,,,,,,,,,,,*|PlaceholderRight@right:neutral|Rei@left:blank
1007996,地の文,そこで一度。長く止まる。,1007997,narration,,,,,,,,,,,,,
1007997,班長,俺が戦うべきだと思うことと、他人も戦いたいと思ってることを、一緒にしてた,1007998,,,,,,,,,,,,,,*|PlaceholderRight@right:neutral|Rei@left:blank
1007998,地の文,レイは黙って聞く。,1007999,narration,,,,,,,,,,,,,
1007999,班長,助けた,1008000,,,,,,,,,,,,,,*|PlaceholderRight@right:neutral|Rei@left:blank
1008000,班長,何度も,1008001,,,,,,,,,,,,,,*|PlaceholderRight@right:neutral|Rei@left:blank
1008001,レイ,はい,1008002,,,,,,,,,,,,,,*|Rei@left:blank|PlaceholderRight@right:neutral
1008002,班長,助けた相手から感謝された,1008003,,,,,,,,,,,,,,*|PlaceholderRight@right:neutral|Rei@left:blank
1008003,レイ,はい,1008004,,,,,,,,,,,,,,*|Rei@left:blank|PlaceholderRight@right:neutral
1008004,班長,そうすると,1008005,,,,,,,,,,,,,,*|PlaceholderRight@right:neutral|Rei@left:blank
1008005,地の文,苦い笑い。,1008006,narration,,,,,,,,,,,,,
1008006,レイ,だんだん、自分がその人間のことを分かってる気になる,1008007,,,,,,,,,,,,,,*|Rei@left:blank|PlaceholderRight@right:neutral
1008007,地の文,レイには。少し分かった。相手の欲しい答えを何度も当てる。そのうち。,1200468,narration,,,,,,,,,,,,,
1200468,地の文,相手そのものまで分かった気になる。,1008008,narration,,,,,,,,,,,,,
1008008,レイ,怖いですね,1008009,,,,,,,,,,,,,,*|Rei@left:blank|Nagi@right:serious
1008009,ナギ,何が,1008010,,,,,,,,,,,,,,*|Nagi@right:serious|Rei@left:blank
1008010,レイ,分かること,1008011,,,,,,,,,,,,,,*|Rei@left:blank|Nagi@right:serious
1008011,地の文,班長は少しだけ眉を上げた。,1008012,narration,,,,,,,,,,,,,
1008012,班長,……そうかもな,1008013,,,,,,,,,,,,,,*|PlaceholderLeft@left:neutral|Nagi@right:serious
1008013,ナギ,父も,1008014,,,,,,,,,,,,,,*|Nagi@right:serious|PlaceholderLeft@left:neutral
1008014,班長,何だ,1008015,,,,,,,,,,,,,,*|PlaceholderLeft@left:neutral|Nagi@right:serious
1008015,ナギ,人が読めたそうです,1008016,,,,,,,,,,,,,,*|Nagi@right:serious|Rei@left:blank
1008016,レイ,ナギが言ったのか,1008017,,,,,,,,,,,,,,*|Rei@left:blank|Nagi@right:serious
1008017,地の文,レイの身体が僅かに止まる。,1008018,narration,,,,,,,,,,,,,
1008018,レイ,……資料です,1008019,,,,,,,,,,,,,,*|Rei@left:blank|PlaceholderRight@right:neutral
1008019,地の文,班長はそれ以上追わなかった。,1008020,narration,,,,,,,,,,,,,
1008020,班長,お前の父親,1008021,,,,,,,,,,,,,,*|PlaceholderLeft@left:neutral|Nagi@right:serious
1008021,地の文,少し間。,1008022,narration,,,,,,,,,,,,,
1008022,ナギ,俺は好きにはなれないと思う,1008023,,,,,,,,,,,,,,*|Nagi@right:serious|Rei@left:blank
1008023,レイ,はい,1008024,,,,,,,,,,,,,,*|Rei@left:blank|Nagi@right:serious
1008024,ナギ,でも,1008025,,,,,,,,,,,,,,*|Nagi@right:serious|Rei@left:blank
1008025,地の文,地図を見る。,1008026,narration,,,,,,,,,,,,,
1008026,ナギ,八歳の俺を見たら、たぶんあの人も助けようとしたんだろうな,1008027,,,,,,,,,,,,,,*|Nagi@right:serious|Rei@left:blank
1008027,地の文,レイは答えなかった。,1008028,narration,,,,,,,,,,,,,
1008028,レイ,それが一番腹立つ,1008029,,,,,,,,,,,,,,*|Rei@left:blank|Nagi@right:serious
1008029,地の文,班長は笑った。今度は。少しだけ本当に。,1008030,narration,,,,,,,,,,,,,
1008030,地の文,部屋を出ると。ナギがいた。,1008031,narration,,,,,,,,,,,,,
1008031,ナギ,待っていた？,1008032,,,,,,,,,,,,,,*|Nagi@right:serious|Rei@left:blank
1008032,レイ,偶然,1008033,,,,,,,,,,,,,,*|Rei@left:blank|PlaceholderRight@right:neutral
1008033,班長,嘘,1008034,,,,,,,,,,,,,,*|PlaceholderRight@right:neutral|Rei@left:blank
1008034,レイ,最近厳しいね,1008035,,,,,,,,,,,,,,*|Rei@left:blank|PlaceholderRight@right:neutral
1008035,地の文,壁にもたれる。,1008036,narration,,,,,,,,,,,,,
1008036,ナギ,終わった？,1008037,,,,,,,,,,,,,,*|Nagi@right:serious|Rei@left:blank
1008037,レイ,何が,1008038,,,,,,,,,,,,,,*|Rei@left:blank|Nagi@right:serious
1008038,ナギ,こっち,1008039,,,,,,,,,,,,,,*|Nagi@right:serious|Rei@left:blank
1008039,地の文,工場の中を指す。,1008040,narration,,,,,,,,,,,,,
1008040,レイ,分かりません,1008041,,,,,,,,,,,,,,*|Rei@left:blank|PlaceholderRight@right:neutral
1008041,班長,それはそうか,1008042,,,,,,,,,,,,,,*|PlaceholderRight@right:neutral|Rei@left:blank
1008042,地の文,ナギは歩き出す。レイも。並ぶ。,1008043,narration,,,,,,,,,,,,,
1008043,レイ,レイ,1008044,,,,,,,,,,,,,,*|Rei@left:blank|Nagi@right:serious
1008044,ナギ,はい,1008045,,,,,,,,,,,,,,*|Nagi@right:serious|Rei@left:blank
1008045,レイ,私が何て言ってほしいか,1008046,,,,,,,,,,,,,,*|Rei@left:blank|Nagi@right:serious
1008046,地の文,急に。レイの足が止まる。ナギも少し先で止まった。,1008047,narration,,,,,,,,,,,,,
1008047,ナギ,今なら分かる？,1008048,,,,,,,,,,,,,,*|Nagi@right:serious|Rei@left:blank
1008048,レイ,いいえ,1008049,,,,,,,,,,,,,,*|Rei@left:blank|Nagi@right:serious
1008049,ナギ,そっか,1008050,,,,,,,,,,,,,,*|Nagi@right:serious|PlaceholderLeft@left:neutral
1008050,班長,でも,1008051,,,,,,,,,,,,,,*|PlaceholderLeft@left:neutral|Nagi@right:serious
1008051,地の文,レイはナギを見る。,1008052,narration,,,,,,,,,,,,,
1008052,レイ,もう、それだけを探すつもりはありません,1008053,,,,,,,,,,,,,,*|Rei@left:blank|PlaceholderRight@right:neutral
1008053,地の文,ナギは。少し長く。何も言わなかった。,1008054,narration,,,,,,,,,,,,,
1008054,ナギ,……うん,1008055,,,,,,,,,,,,,,*|Nagi@right:serious|Rei@left:blank
1008055,地の文,それだけ。歩き出す。工場の出口。外は暗い。風が少し冷たい。,1008056,narration,,,,,,,,,,,,,
1008056,レイ,じゃあ,1008057,,,,,,,,,,,,,,*|Rei@left:blank|Nagi@right:serious
1008057,地の文,ナギが空を見る。,1008058,narration,,,,,,,,,,,,,
1008058,ナギ,こっちは一応、区切りついたし,1008059,,,,,,,,,,,,,,*|Nagi@right:serious|Rei@left:blank
1008059,地の文,レイを見る。いつもの笑顔。でも。前とは違う。,1008060,narration,,,,,,,,,,,,,
1008060,ナギ,今度は,1008061,,,,,,,,,,,,,,*|Nagi@right:serious|Rei@left:blank
1008061,地の文,一歩。近づく。,1008062,narration,,,,,,,,,,,,,
1008062,ナギ,私への答え、聞かせてもらおうかな,1008063,,,,,,,,,,,,,,*|Nagi@right:serious|Rei@left:blank
1008063,地の文,レイは何も言わなかった。ナギも。急かさなかった。二人の向こう。遠くで。,1200469,narration,,,,,,,,,,,,,
1200469,地の文,雨が降り始めていた。,1008064,narration,,,,,,,,,,,,,
